"2";"Editorial of the 15th European Networked Knowledge Organization Systems Workshop (NKOS 2016)";"Douglas Tudhope";"Philipp Mayr";"2016"
"2";"Editorial of the 15th European Networked Knowledge Organization Systems Workshop (NKOS 2016)";"Koraljka Golub";"Philipp Mayr";"2016"
"2";"Editorial of the 15th European Networked Knowledge Organization Systems Workshop (NKOS 2016)";"Christian Wartena";"Philipp Mayr";"2016"
"2";"Editorial of the 15th European Networked Knowledge Organization Systems Workshop (NKOS 2016)";"Ernesto William De Luca";"Philipp Mayr";"2016"
"5";"Classification for collections mapping and query expansion";"Anna Bendiscioli";"Claudio Gnoli";"2016"
"6";"Linking subject labels in Cultural Heritage Metadata to MIMO vocabulary using CultuurLink";"Antoine Isaac";"Hugo Manguinhas";"2016"
"6";"Linking subject labels in Cultural Heritage Metadata to MIMO vocabulary using CultuurLink";"Aude Lima";"Hugo Manguinhas";"2016"
"6";"Linking subject labels in Cultural Heritage Metadata to MIMO vocabulary using CultuurLink";"Ariane N{\'{e}}roulidis";"Hugo Manguinhas";"2016"
"6";"Linking subject labels in Cultural Heritage Metadata to MIMO vocabulary using CultuurLink";"Dimitra Atsidis";"Hugo Manguinhas";"2016"
"7";"Developing imaged KOS with the FRSAD model: a conceptual methodology";"Marcilio de Brito";"Simone Vieira";"2016"
"7";"Developing imaged KOS with the FRSAD model: a conceptual methodology";"Maja Zumer";"Simone Vieira";"2016"
"9";"Re-designing Online Terminology Resources for German Grammar";"Christian Lang";"Karolina Suchowolec";"2016"
"12";"CRMba a CRM extension for the documentation of standing buildings";"Franco Niccolucci";"Paola Ronzino";"2016"
"12";"CRMba a CRM extension for the documentation of standing buildings";"Achille Felicetti";"Paola Ronzino";"2016"
"12";"CRMba a CRM extension for the documentation of standing buildings";"Martin Doerr";"Paola Ronzino";"2016"
"13";"On the composition of ISO 25964 hierarchical relations (BTG, BTP, BTI)";"Antoine Isaac";"Vladimir Alexiev";"2016"
"13";"On the composition of ISO 25964 hierarchical relations (BTG, BTP, BTI)";"Jutta Lindenthal";"Vladimir Alexiev";"2016"
"14";"Alignment of conceptual structures in controlled vocabularies in the domain of Chinese art: a discussion of issues and patterns";"Marcia Lei Zeng";"Sophy Shu-Jiun Chen";"2016"
"14";"Alignment of conceptual structures in controlled vocabularies in the domain of Chinese art: a discussion of issues and patterns";"Hsueh-hua Chen";"Sophy Shu-Jiun Chen";"2016"
"15";"A sharing-oriented design strategy for networked knowledge organization systems";"Adam Rabinowitz";"Ryan Shaw";"2016"
"15";"A sharing-oriented design strategy for networked knowledge organization systems";"Patrick Golden";"Ryan Shaw";"2016"
"15";"A sharing-oriented design strategy for networked knowledge organization systems";"Eric Kansa";"Ryan Shaw";"2016"
"17";"Recent applications of Knowledge Organization Systems: introduction to a special issue";"Douglas Tudhope";"Philipp Mayr";"2016"
"17";"Recent applications of Knowledge Organization Systems: introduction to a special issue";"Marcia Lei Zeng";"Philipp Mayr";"2016"
"26";"ISO/NISO";"Marcia Lei Zeng";"Sue Ellen Wright";"2005"
"58";"Building semantic knowledge organization systems for interdisciplinary research: An example of wetland remote sensing";"Liu Xiu Min";"Liu Zheng";"2015"
"60";"Innovative Use of Knowledge Organization Systems (KOS) that are Published as Linked Open Data (LOD)";"Julaine Clunis";"Marcia Lei Zeng";"2015"
"62";"A role of Ontology in Social data Analytics";"Jinhyeong Lee";"Sam Oh";"2015"
"63";"Leveraging semantic structure to improve retrieval: a comparative evaluation of result-set browsing based on topic maps and RDF ontologies";"Sam Oh";"Wnhong Jang";"2015"
"68";"How doctors apply semantic components to specify search in work-related information retrieval";"Lois Delcambre";"Marianne Lykke Nielsen";"2011"
"72";"Language technology in knowledge-organization systems";"Bolette Sandford Pedersen";"Costanza Navarretta";"2006"
"78";"Integrating Semi-formal Knowledge Organization Structures";"Claire-Lise Mottaz Jiang";"Gilles Falquet";"2006"
"79";"Role of Ontologies in Semantic Digital Libraries";"Bernhard Haslhofer";"Sebastian Ryszard Kruk";"2006"
"79";"Role of Ontologies in Semantic Digital Libraries";"Piotr Piotrowski";"Sebastian Ryszard Kruk";"2006"
"79";"Role of Ontologies in Semantic Digital Libraries";"Adam Westerski";"Sebastian Ryszard Kruk";"2006"
"80";"AGROVOC and the OWL Web Ontology Language: the Agriculture Ontology Service - Concept Server OWL model";"Anita Liang";"Boris Lauser";"2006"
"83";"Indexing challenges in work place information retrieval";"Anna Eslau";"Marianne Lykke Nielsen";"2006"
"84";"The Feasibility of Using the Semantic Components Model for Indexing Documents in Digital Libraries";"Marianne Lykke Nielsen";"Susan Price";"2006"
"84";"The Feasibility of Using the Semantic Components Model for Indexing Documents in Digital Libraries";"Lois Delcambre";"Susan Price";"2006"
"91";"Tagging tagging. A classification model for user keywords in scientific bibliography management systems";"Christian Wolff";"Markus Heckner";"2007"
"93";"Collaborative Building of Controlled Vocabulary Crosswalks";"Adam Gzella";"Mateusz Kaczmarek";"2007"
"94";"Results from a German terminology mapping effort: intra- and interdisciplinary cross-concordances between controlled vocabularies";"Anne-Kathrin Walter";"Philipp Mayr";"2007"
"98";"Kinds of Tags: a collaborative research study on tag usage and structure";"Ana Alice Baptista";"Emma Tonkin";"2007"
"98";"Kinds of Tags: a collaborative research study on tag usage and structure";"Andrea Resmini";"Emma Tonkin";"2007"
"109";"Indexing with semantic components improve information retrieval in domain-specific web portal";"Lois Delcambre";"Marianne Lykke Nielsen";"2008"
"112";"Public and professional vocabularies: comparing user tagging with museum documents and documentation";"David Bearman";"Jennifer Trant";"2008"
"115";"STW Thesaurus for economics web service applied to library applications";"Joachim Neubert";"Timo Borst";"2009"
"117";"UDC facets";"Aida Slavic";"Claudio Gnoli";"2009"
"118";"EASTER project: Evaluating Automated Subject Tools for Enhancing Retrieval";"George Buchanan";"Koraljka Golub";"2009"
"118";"EASTER project: Evaluating Automated Subject Tools for Enhancing Retrieval";"Emlyn Everitt";"Koraljka Golub";"2009"
"118";"EASTER project: Evaluating Automated Subject Tools for Enhancing Retrieval";"Dagobert Soergel";"Koraljka Golub";"2009"
"118";"EASTER project: Evaluating Automated Subject Tools for Enhancing Retrieval";"Douglas Tudhope";"Koraljka Golub";"2009"
"120";"Building an ontology for crisis, tragedy and recovery";"Edward Fox";"Uma Murthy";"2009"
"120";"Building an ontology for crisis, tragedy and recovery";"Naren Ramakrishnan";"Uma Murthy";"2009"
"120";"Building an ontology for crisis, tragedy and recovery";"Andrea Kavanaugh";"Uma Murthy";"2009"
"120";"Building an ontology for crisis, tragedy and recovery";"Steve Sheetz";"Uma Murthy";"2009"
"120";"Building an ontology for crisis, tragedy and recovery";"Donald Shoemaker";"Uma Murthy";"2009"
"127";"SKOS and semantic web best practice to access terminological resources: NatureSDIPlus and CHRONIOUS hands-on experience";"Monica De Martino";"Riccardo Albertoni";"2010"
"127";"SKOS and semantic web best practice to access terminological resources: NatureSDIPlus and CHRONIOUS hands-on experience";"Franca Giannini";"Riccardo Albertoni";"2010"
"130";"Indexing Audiovisual Heritage in Germany by SKOSification of Existing Vocabularies";"Harald Sack";"Johannes Hercher";"2010"
"134";"Search term recommendation and non-textual ranking evaluated";"Peter Mutschke";"Philipp Mayr";"2010"
"135";"Using Linked Data in Thesaurus Management";"Andreas Blumauer";"Thomas Schandl";"2010"
"135";"Using Linked Data in Thesaurus Management";"Helmut Nagy";"Thomas Schandl";"2010"
"136";"The public library catalogue as a social space: Transaction log analysis of user interaction with social discovery systems";"Laurel Tarulli";"Louise Spiteri";"2010"
"136";"The public library catalogue as a social space: Transaction log analysis of user interaction with social discovery systems";"Alyssa Graybeal";"Louise Spiteri";"2010"
"141";"ISO 25964-1: a new standard for development of thesauri and exchange of thesaurus data";"Johan De Smedt";"Stella Dextre Clarke";"2011"
"144";"Quality Criteria for Controlled Web Vocabularies";"Bernhard Haslhofer";"Christian Mader";"2011"
"146";"A Collaborative Framework for Managing and Publishing KOS";"Ahsan Morshed";"Armando Stellato";"2011"
"149";"Comparing the accuracy of the semantic similarity provided by the Normalized Google Distance (NGD) and the Search Term Recommender (STR)";"Brigitte Mathiak";"Wilko van Hoek";"2011"
"149";"Comparing the accuracy of the semantic similarity provided by the Normalized Google Distance (NGD) and the Search Term Recommender (STR)";"Philipp Mayr";"Wilko van Hoek";"2011"
"149";"Comparing the accuracy of the semantic similarity provided by the Normalized Google Distance (NGD) and the Search Term Recommender (STR)";"Sascha Schüller";"Wilko van Hoek";"2011"
"151";"Extracting Dewey Decimal Classifications from Dublin Core Metadata Records With the DISTIL Project: Preliminary Findings and Observations";"Douglas Tudhope";"Michael Khoo";"2012"
"151";"Extracting Dewey Decimal Classifications from Dublin Core Metadata Records With the DISTIL Project: Preliminary Findings and Observations";"Ceri Binding";"Michael Khoo";"2012"
"153";"Creation of custom KOS-based recommendation systems";"Philipp Schaer";"Thomas Lüke";"2012"
"153";"Creation of custom KOS-based recommendation systems";"Philipp Mayr";"Thomas Lüke";"2012"
"154";"Demonstrating HIVE and HIVE-ES: Supporting Term Browsing and Automatic Text Indexing with Linked Open Vocabularies";"Craig Willis";"David Rodríguez Mateos";"2012"
"155";"Meaningful Concept Displays: The First Step";"Dagobert Soergel";"Xia Lin";"2012"
"155";"Meaningful Concept Displays: The First Step";"Murtha Baca";"Xia Lin";"2012"
"161";"An Extensible Recommendation System to support Trusted Digital Repositories";"Andrea Scharnhorst";"Eko Indarto";"2013"
"165";"On Compositionality of ISO 25964 Hierarchical Relationships (BTG, BTP, BTI)";"Antoine Isaac";"Vladimir Alexiev";"2014"
"165";"On Compositionality of ISO 25964 Hierarchical Relationships (BTG, BTP, BTI)";"Jutta Lindenthal";"Vladimir Alexiev";"2014"
"168";"Recommender Systems using Pennant Diagrams in Digital Libraries";"Philipp Mayr";"Zeljko Carevic";"2014"
"169";"PROV-O profile creation for describing and tracking editorial actions on Controlled Vocabularies";"Agis Papantoniou";"Jean Delahousse";"2014"
"170";"The ESCO platform for a collaborative NKOS development";"Agis Papantoniou";"Johan De Smedt";"2014"
"172";"Meaningful Concept Displays for KOS Mapping";"Jae-wook Ahn";"Xia Lin";"2014"
"172";"Meaningful Concept Displays for KOS Mapping";"Dagobert Soergel";"Xia Lin";"2014"
"174";"The Cocoda Mapping Tool";"Jakob Voß";"Uma Balakrishnan";"2015"
"178";"Report on and demonstration of the PeriodO period gazetteer";"Adam Rabinowitz";"Ryan Shaw";"2015"
"178";"Report on and demonstration of the PeriodO period gazetteer";"Patrick Golden";"Ryan Shaw";"2015"
"178";"Report on and demonstration of the PeriodO period gazetteer";"Eric Kansa";"Ryan Shaw";"2015"
"180";"Mapping between linked data vocabularies in ARIADNE";"Ceri Binding";"Douglas Tudhope";"2015"
"188";"Interoperability of KOS Metadata Schemas in BARTOC and JSKOS";"Andreas Ledl";"Jakob Voß";"2016"
"191";"Building Semantic Tools for Concept-based Learning Spaces: Knowledge Bases of Strongly-Structured Models for Scientific Concepts in Advanced Digital Libraries";"Marcia Lei Zeng";"Terence R. Smith";"2004"
"192";"Reengineering Thesauri for New Applications: the AGROVOC Example";"Boris Lauser";"Dagobert Soergel";"2004"
"192";"Reengineering Thesauri for New Applications: the AGROVOC Example";"Anita Liang";"Dagobert Soergel";"2004"
"194";"Vocabulary Mapping for Terminology Services";"Carol Hickey";"Diane Vizine-Goetz";"2004"
"194";"Vocabulary Mapping for Terminology Services";"Andrew Houghton";"Diane Vizine-Goetz";"2004"
"195";"Augmenting thesaurus relationships: possibilities for retrieval";"Christopher Jones";"Douglas Tudhope";"2001"
"200";"Having the right connections: the LIMBER project";"Brian Matthews";"Ken Miller";"2001"
"214";"A method for estimating the precision pf place name matching";"Manos Papagelis";"Martin Doerr";"2004"
"218";"Developing a tool for searching and learning - the potential of an enriched end user thesaurus";"H. Lundbeck";"Hella Moller Rasmussen";"2004"
"219";"Dynamic KOS building *** management for library information systems";"Henryk Rybinski";"Piotr Gawrysiak";"2004"
"219";"Dynamic KOS building *** management for library information systems";"Michal Okoniewski";"Piotr Gawrysiak";"2004"
"220";"Knowledge Structures for a Domain-Specific Digital Library for Natural Resource Managers";"Marianne Lykke Nielsen";"Mathew J. Weaver";"2004"
"220";"Knowledge Structures for a Domain-Specific Digital Library for Natural Resource Managers";"Lois Delcambre";"Mathew J. Weaver";"2004"
"223";"The NSDL Strand Map Service: A Networked Knowledge Organization and Visualization System for K-12 Education";"Michael Wright";"Tamara Sumner";"2004"
"232";"Networked knowledge organization for the networked digital library of theses and dissertations";"Baoping Zhang";"Edward Fox";"2005"
"235";"Enhancing domain-specific digital library with facilities for vocabulary exploration";"Lois Delcambre";"Marianne Lykke Nielsen";"2005"
"236";"Associative retrieval over different knowledge organization systems";"Mathias Lux";"Peter Scheir";"2005"
"238";"Building virtual documents by integrating hyperbooks";"Claire-Lise Mottaz Jiang";"Gilles Falquet";"2005"
"262";"Retrieval Effectiveness of Uncontrolled and Controlled Indexing Vocabulary in Education Database";"Philip Hider";"Ying-Hsang Liu";"2015"
"270";"Concept-based Learning Spaces";"Marcia Lei Zeng";"Terence R. Smith";"2003"
"272";"Classification Mapping for Cross-Browsing in the European Subject Gateway Broker Renardus";"Heike Neuroth";"Traugott Koch";"2001"
"273";"Digital Gazetteer Service in context of Chinese Culture";"Sophy Shu-Jiun Chen";"Ya-ning Chen";"2002"
"273";"Digital Gazetteer Service in context of Chinese Culture";"Han-wei Yen";"Ya-ning Chen";"2002"
"273";"Digital Gazetteer Service in context of Chinese Culture";"Hsiung-ming Liaw";"Ya-ning Chen";"2002"
"2";"Editorial of the 15th European Networked Knowledge Organization Systems Workshop (NKOS 2016)";"Christian Wartena";"Douglas Tudhope";"2016"
"3";"Analyzing the research output presented at European Networked Knowledge Organization Systems workshops (2000-2015)";"Fakhri Momeni";"Philipp Mayr";"2016"
"5";"Classification for collections mapping and query expansion";"Claudio Gnoli";"Laura Pusterla";"2016"
"5";"Classification for collections mapping and query expansion";"Anna Bendiscioli";"Laura Pusterla";"2016"
"5";"Classification for collections mapping and query expansion";"Cristina Recinella";"Laura Pusterla";"2016"
"6";"Linking subject labels in Cultural Heritage Metadata to MIMO vocabulary using CultuurLink";"Hugo Manguinhas";"Valentine Charles";"2016"
"6";"Linking subject labels in Cultural Heritage Metadata to MIMO vocabulary using CultuurLink";"Antoine Isaac";"Valentine Charles";"2016"
"6";"Linking subject labels in Cultural Heritage Metadata to MIMO vocabulary using CultuurLink";"Tom Miles";"Valentine Charles";"2016"
"6";"Linking subject labels in Cultural Heritage Metadata to MIMO vocabulary using CultuurLink";"Aude Lima";"Valentine Charles";"2016"
"6";"Linking subject labels in Cultural Heritage Metadata to MIMO vocabulary using CultuurLink";"Ariane N{\'{e}}roulidis";"Valentine Charles";"2016"
"6";"Linking subject labels in Cultural Heritage Metadata to MIMO vocabulary using CultuurLink";"Dimitra Atsidis";"Valentine Charles";"2016"
"6";"Linking subject labels in Cultural Heritage Metadata to MIMO vocabulary using CultuurLink";"Michiel Hildebrand";"Valentine Charles";"2016"
"6";"Linking subject labels in Cultural Heritage Metadata to MIMO vocabulary using CultuurLink";"Maarten Brinkerink";"Valentine Charles";"2016"
"6";"Linking subject labels in Cultural Heritage Metadata to MIMO vocabulary using CultuurLink";"Sergiu Gordea";"Valentine Charles";"2016"
"7";"Developing imaged KOS with the FRSAD model: a conceptual methodology";"Maja Zumer";"Marcilio de Brito";"2016"
"11";"Representing gazetteers and period thesauri in four-dimensional space-time";"Franco Niccolucci";"Sorin Hermon";"2016"
"12";"CRMba a CRM extension for the documentation of standing buildings";"Achille Felicetti";"Franco Niccolucci";"2016"
"14";"Alignment of conceptual structures in controlled vocabularies in the domain of Chinese art: a discussion of issues and patterns";"Hsueh-hua Chen";"Marcia Lei Zeng";"2016"
"16";"Improving interoperability using vocabulary linked data";"Ceri Binding";"Douglas Tudhope";"2016"
"19";"Semantic Network Services";"Adam Farquhar";"Thomas Bandholtz";"2003"
"20";"From Legacy Knowledge Organization Systems to Full-Fledged Ontologies";"Dagobert Soergel";"Katy Newton";"2003"
"30";"SKOS: New Dimensions in Interoperability";"Ed Summers";"Jon Phipps";"2008"
"39";"Simple Knowledge Organization System (SKOS) Update and Implementation at the Library of Congress";"Ed Summers";"Rebecca Guenther";"2009"
"51";"When is Semantic Search Really Semantic Search?";"Jake Spiegler";"Thomas Burdick";"2012"
"55";"The Value Proposition for Semantic Search: A User Panel";"Diane Hillmann";"George Thomas";"2012"
"55";"The Value Proposition for Semantic Search: A User Panel";"Farah Gheriss";"George Thomas";"2012"
"58";"Building semantic knowledge organization systems for interdisciplinary research: An example of wetland remote sensing";"Liu Zheng";"Sun Tan";"2015"
"58";"Building semantic knowledge organization systems for interdisciplinary research: An example of wetland remote sensing";"Sheng Chun Lei";"Sun Tan";"2015"
"58";"Building semantic knowledge organization systems for interdisciplinary research: An example of wetland remote sensing";"Liu Xiu Min";"Sun Tan";"2015"
"62";"A role of Ontology in Social data Analytics";"Sam Oh";"Seonghun Kim";"2015"
"62";"A role of Ontology in Social data Analytics";"Jinhyeong Lee";"Seonghun Kim";"2015"
"67";"And the winner is ... The perils and pitfalls of rank order analysis";"Elin K. Jacob";"Nicolas L. George";"2011"
"67";"And the winner is ... The perils and pitfalls of rank order analysis";"Gary Arave";"Nicolas L. George";"2011"
"68";"How doctors apply semantic components to specify search in work-related information retrieval";"Marianne Lykke Nielsen";"Susan Price";"2011"
"68";"How doctors apply semantic components to specify search in work-related information retrieval";"Lois Delcambre";"Susan Price";"2011"
"71";"Freely faceted classification for Web-based information retrieval";"Claudio Gnoli";"Hong Mei";"2006"
"75";"Mapping AGROVOC and the Chinese Agricultural Thesaurus: Definitions, tools, procedures";"Anita Liang";"Margherita Sini";"2006"
"76";"Introduction to Knowledge Organization Systems and Services";"Douglas Tudhope";"Marianne Lykke Nielsen";"2006"
"78";"Integrating Semi-formal Knowledge Organization Structures";"Gilles Falquet";"Luka Nerima";"2006"
"78";"Integrating Semi-formal Knowledge Organization Structures";"Claire-Lise Mottaz Jiang";"Luka Nerima";"2006"
"78";"Integrating Semi-formal Knowledge Organization Structures";"Jean-Claude Ziswiler";"Luka Nerima";"2006"
"79";"Role of Ontologies in Semantic Digital Libraries";"Adam Westerski";"Bernhard Haslhofer";"2006"
"80";"AGROVOC and the OWL Web Ontology Language: the Agriculture Ontology Service - Concept Server OWL model";"Boris Lauser";"Margherita Sini";"2006"
"80";"AGROVOC and the OWL Web Ontology Language: the Agriculture Ontology Service - Concept Server OWL model";"Anita Liang";"Margherita Sini";"2006"
"80";"AGROVOC and the OWL Web Ontology Language: the Agriculture Ontology Service - Concept Server OWL model";"Johannes Keizer";"Margherita Sini";"2006"
"82";"Design of a Pilot SRW-compliant Terminologies Mapping Service (HILT)";"Dennis Nicholson";"Emma McCulloch";"2006"
"84";"The Feasibility of Using the Semantic Components Model for Indexing Documents in Digital Libraries";"Lois Delcambre";"Marianne Lykke Nielsen";"2006"
"85";"Guava: Capturing the Intrinsic Organization of Knowledge in User Interfaces";"James Terwilliger";"Lois Delcambre";"2006"
"85";"Guava: Capturing the Intrinsic Organization of Knowledge in User Interfaces";"Judith Logan";"Lois Delcambre";"2006"
"91";"Tagging tagging. A classification model for user keywords in scientific bibliography management systems";"Markus Heckner";"Susanne Mühlbacher";"2007"
"91";"Tagging tagging. A classification model for user keywords in scientific bibliography management systems";"Christian Wolff";"Susanne Mühlbacher";"2007"
"93";"Collaborative Building of Controlled Vocabulary Crosswalks";"Mateusz Kaczmarek";"Sebastian Ryszard Kruk";"2007"
"93";"Collaborative Building of Controlled Vocabulary Crosswalks";"Adam Gzella";"Sebastian Ryszard Kruk";"2007"
"94";"Results from a German terminology mapping effort: intra- and interdisciplinary cross-concordances between controlled vocabularies";"Philipp Mayr";"Vivien Petras";"2007"
"94";"Results from a German terminology mapping effort: intra- and interdisciplinary cross-concordances between controlled vocabularies";"Anne-Kathrin Walter";"Vivien Petras";"2007"
"104";"Towards a comprehensive international Knowledge Organisation System";"Felix Boteram";"Jessica Hubrich";"2008"
"106";"TRSS - Terminology Registry Scoping study";"Douglas Tudhope";"Koraljka Golub";"2008"
"109";"Indexing with semantic components improve information retrieval in domain-specific web portal";"Marianne Lykke Nielsen";"Susan Price";"2008"
"109";"Indexing with semantic components improve information retrieval in domain-specific web portal";"Lois Delcambre";"Susan Price";"2008"
"111";"Semantic Portal Business and Economics";"Kai Eckert";"Magnus Pfeffer";"2008"
"114";"Exploiting taxonomies' broadening for enhanced tagging: damped concept clustering";"Christoph Wieser";"Francois Bry";"2008"
"118";"EASTER project: Evaluating Automated Subject Tools for Enhancing Retrieval";"Koraljka Golub";"Vanda Broughton";"2009"
"118";"EASTER project: Evaluating Automated Subject Tools for Enhancing Retrieval";"George Buchanan";"Vanda Broughton";"2009"
"118";"EASTER project: Evaluating Automated Subject Tools for Enhancing Retrieval";"Emlyn Everitt";"Vanda Broughton";"2009"
"118";"EASTER project: Evaluating Automated Subject Tools for Enhancing Retrieval";"Marianne Lykke Nielsen";"Vanda Broughton";"2009"
"118";"EASTER project: Evaluating Automated Subject Tools for Enhancing Retrieval";"Dagobert Soergel";"Vanda Broughton";"2009"
"118";"EASTER project: Evaluating Automated Subject Tools for Enhancing Retrieval";"Douglas Tudhope";"Vanda Broughton";"2009"
"119";"Intra- and interdisciplinary cross-concordance for information retrieval";"Philipp Mayr";"Philipp Schaer";"2009"
"120";"Building an ontology for crisis, tragedy and recovery";"Andrea Kavanaugh";"Edward Fox";"2009"
"120";"Building an ontology for crisis, tragedy and recovery";"Donald Shoemaker";"Edward Fox";"2009"
"121";"The PERsonalisation TAgging interface INformation in Services, PERTAINS project: presenting tag recommenders in UK national services";"Andy Priest";"Janine Rigby";"2009"
"121";"The PERsonalisation TAgging interface INformation in Services, PERTAINS project: presenting tag recommenders in UK national services";"Caroline Williams";"Janine Rigby";"2009"
"121";"The PERsonalisation TAgging interface INformation in Services, PERTAINS project: presenting tag recommenders in UK national services";"Ceri Binding";"Janine Rigby";"2009"
"121";"The PERsonalisation TAgging interface INformation in Services, PERTAINS project: presenting tag recommenders in UK national services";"Douglas Tudhope";"Janine Rigby";"2009"
"122";"KOS interoperability through mapping, in the aquatic sciences field";"Carmen Reverté";"Montserrat Sebastià Salat";"2009"
"124";"User interface design for search-term recommendation and interactive query expansion services";"Philipp Schaer";"York Sure";"2009"
"125";"Identifying management issues in networked KOS: examples from classification schemes";"Aida Slavic";"Antoine Isaac";"2009"
"127";"SKOS and semantic web best practice to access terminological resources: NatureSDIPlus and CHRONIOUS hands-on experience";"Franca Giannini";"Monica De Martino";"2010"
"128";"KOS-based tools for archaeological dataset interoperability";"Ceri Binding";"Douglas Tudhope";"2010"
"133";"Users and KOSs: When Can We Trust Those Two Together for Conceptual Query Expansion?";"Anna Mastora";"Sarantos Kapidakis";"2010"
"136";"The public library catalogue as a social space: Transaction log analysis of user interaction with social discovery systems";"Alyssa Graybeal";"Laurel Tarulli";"2010"
"142";"Europeana and semantic alignment of vocabularies";"Antoine Isaac";"Jacco van Ossenbruggen";"2011"
"142";"Europeana and semantic alignment of vocabularies";"Guus Schreiber";"Jacco van Ossenbruggen";"2011"
"145";"Evaluating approaches to automatically match thesauri from different domains for Linked Open Data";"Ahsan Morshed";"Benjamin Zapilko";"2011"
"151";"Extracting Dewey Decimal Classifications from Dublin Core Metadata Records With the DISTIL Project: Preliminary Findings and Observations";"Ceri Binding";"Douglas Tudhope";"2012"
"153";"Creation of custom KOS-based recommendation systems";"Thomas Lüke";"Wilko van Hoek";"2012"
"153";"Creation of custom KOS-based recommendation systems";"Philipp Schaer";"Wilko van Hoek";"2012"
"153";"Creation of custom KOS-based recommendation systems";"Philipp Mayr";"Wilko van Hoek";"2012"
"154";"Demonstrating HIVE and HIVE-ES: Supporting Term Browsing and Automatic Text Indexing with Linked Open Vocabularies";"David Rodríguez Mateos";"Gema Bueno de la Fuente";"2012"
"154";"Demonstrating HIVE and HIVE-ES: Supporting Term Browsing and Automatic Text Indexing with Linked Open Vocabularies";"Craig Willis";"Gema Bueno de la Fuente";"2012"
"154";"Demonstrating HIVE and HIVE-ES: Supporting Term Browsing and Automatic Text Indexing with Linked Open Vocabularies";"Eva Méndez";"Gema Bueno de la Fuente";"2012"
"159";"Visualization of Candidate Terms for Classification of Papers";"Jan Buzydlowski";"Lillian Cassel";"2013"
"162";"Digging into Metadata";"Ceri Binding";"Douglas Tudhope";"2013"
"162";"Digging into Metadata";"Diana Massam";"Douglas Tudhope";"2013"
"163";"Demonstrating a Framework for KOS-based Recommendations Systems";"Philipp Mayr";"Thomas Lüke";"2013"
"163";"Demonstrating a Framework for KOS-based Recommendations Systems";"Philipp Schaer";"Thomas Lüke";"2013"
"164";"Pennants for Descriptors";"Howard D. White";"Philipp Mayr";"2013"
"169";"PROV-O profile creation for describing and tracking editorial actions on Controlled Vocabularies";"Jean Delahousse";"Johan De Smedt";"2014"
"169";"PROV-O profile creation for describing and tracking editorial actions on Controlled Vocabularies";"Agis Papantoniou";"Johan De Smedt";"2014"
"171";"Semantic Analysis Method (SAM): A Tool for Identifying Potential Access Points in Unstructured Text";"Karen F. Gracy";"Sammy Davidson";"2014"
"171";"Semantic Analysis Method (SAM): A Tool for Identifying Potential Access Points in Unstructured Text";"Marcia Lei Zeng";"Sammy Davidson";"2014"
"172";"Meaningful Concept Displays for KOS Mapping";"Dagobert Soergel";"Jae-wook Ahn";"2014"
"175";"The missing link: a terminology mapping effort in economics";"Andreas Oskar Kempf";"Joachim Neubert";"2015"
"181";"KOS Design for Healthcare Decision-making Based on Consumer Criteria and User Stories";"Joseph Busch";"Vivian Bliss";"2016"
"184";"National Library as a Public Sector Metadata Curator - The Finto Ontology Infrastructure";"Matias Frosterus";"Mikko Lappalainen";"2016"
"186";"Linking Bioinformatics Research Data and Publications through Metadata and KOS";"Jian Qin";"Marcia Lei Zeng";"2016"
"189";"New Applications of Knowledge Organization Systems: introduction to a special issue";"Douglas Tudhope";"Traugott Koch";"2004"
"190";"KOS at your Service: Programmatic Access to Knowledge Organisation Systems";"Ceri Binding";"Douglas Tudhope";"2004"
"192";"Reengineering Thesauri for New Applications: the AGROVOC Example";"Anita Liang";"Boris Lauser";"2004"
"194";"Vocabulary Mapping for Terminology Services";"Andrew Houghton";"Carol Hickey";"2004"
"195";"Augmenting thesaurus relationships: possibilities for retrieval";"Douglas Tudhope";"Harith Alani";"2001"
"195";"Augmenting thesaurus relationships: possibilities for retrieval";"Christopher Jones";"Harith Alani";"2001"
"198";"Networked Knowledge Organization Systems: introduction to a special issue";"Linda Hill";"Traugott Koch";"2001"
"217";"Browsing and understanding a domain ontology: a user study";"Caterina Caracciolo";"Stephan Stipdonk";"2004"
"220";"Knowledge Structures for a Domain-Specific Digital Library for Natural Resource Managers";"Mathew J. Weaver";"Timothy Tolle";"2004"
"220";"Knowledge Structures for a Domain-Specific Digital Library for Natural Resource Managers";"Marianne Lykke Nielsen";"Timothy Tolle";"2004"
"220";"Knowledge Structures for a Domain-Specific Digital Library for Natural Resource Managers";"Lois Delcambre";"Timothy Tolle";"2004"
"221";"SKOS: Standards and Best Practices for USING Knowledge Organisation Systems ON THE Semantic Web";"Alistair Miles";"Brian Matthews";"2004"
"226";"Introduction to user centred approaches to KOS";"Anna Eslau";"H. Lundbeck";"2004"
"231";"How a general and a specific thesaurus covers expressions in patients' questions and physicians' answers";"Johanna Eerola";"Pertti Vakkari";"2005"
"234";"NKOS issues in W3C's Simple Knowledge Organisation System (SKOS)";"Alistair Miles";"Brian Matthews";"2005"
"235";"Enhancing domain-specific digital library with facilities for vocabulary exploration";"Marianne Lykke Nielsen";"Mathew J. Weaver";"2005"
"235";"Enhancing domain-specific digital library with facilities for vocabulary exploration";"Lois Delcambre";"Mathew J. Weaver";"2005"
"236";"Associative retrieval over different knowledge organization systems";"Peter Scheir";"Stefanie Lindstaedt";"2005"
"236";"Associative retrieval over different knowledge organization systems";"Mathias Lux";"Stefanie Lindstaedt";"2005"
"238";"Building virtual documents by integrating hyperbooks";"Gilles Falquet";"Luka Nerima";"2005"
"238";"Building virtual documents by integrating hyperbooks";"Claire-Lise Mottaz Jiang";"Luka Nerima";"2005"
"238";"Building virtual documents by integrating hyperbooks";"Jean-Claude Ziswiler";"Luka Nerima";"2005"
"240";"Digital Gazetteers in the UK : the geo-X-walk Project at EDINA";"Andy Corbett";"James Reid";"2002"
"240";"Digital Gazetteers in the UK : the geo-X-walk Project at EDINA";"David Medyckyj-Scott";"James Reid";"2002"
"240";"Digital Gazetteers in the UK : the geo-X-walk Project at EDINA";"Cressida Chappell";"James Reid";"2002"
"252";"Reengineering AGROVOC to Ontologies";"Frehiwot Fisseha";"Patrick Healey";"2003"
"252";"Reengineering AGROVOC to Ontologies";"Johannes Keizer";"Patrick Healey";"2003"
"254";"Using the NASA Thesaurus to Support the Indexing of Streaming Media";"Gail Hodge";"Janet Ormes";"2003"
"256";"From a historical GIS to an on-line administrative gazetteer of Great Britain";"Gudrun Richardson";"Humphrey Southall";"2002"
"273";"Digital Gazetteer Service in context of Chinese Culture";"Han-wei Yen";"Sophy Shu-Jiun Chen";"2002"
"273";"Digital Gazetteer Service in context of Chinese Culture";"Hsiung-ming Liaw";"Sophy Shu-Jiun Chen";"2002"
"2";"Editorial of the 15th European Networked Knowledge Organization Systems Workshop (NKOS 2016)";"Douglas Tudhope";"Koraljka Golub";"2016"
"2";"Editorial of the 15th European Networked Knowledge Organization Systems Workshop (NKOS 2016)";"Christian Wartena";"Koraljka Golub";"2016"
"2";"Editorial of the 15th European Networked Knowledge Organization Systems Workshop (NKOS 2016)";"Ernesto William De Luca";"Koraljka Golub";"2016"
"7";"Developing imaged KOS with the FRSAD model: a conceptual methodology";"Simone Vieira";"Widad Mustafa El Hadi";"2016"
"7";"Developing imaged KOS with the FRSAD model: a conceptual methodology";"Marcilio de Brito";"Widad Mustafa El Hadi";"2016"
"7";"Developing imaged KOS with the FRSAD model: a conceptual methodology";"Maja Zumer";"Widad Mustafa El Hadi";"2016"
"9";"Re-designing Online Terminology Resources for German Grammar";"Karolina Suchowolec";"Roman Schneider";"2016"
"9";"Re-designing Online Terminology Resources for German Grammar";"Christian Lang";"Roman Schneider";"2016"
"13";"On the composition of ISO 25964 hierarchical relations (BTG, BTP, BTI)";"Antoine Isaac";"Jutta Lindenthal";"2016"
"15";"A sharing-oriented design strategy for networked knowledge organization systems";"Adam Rabinowitz";"Patrick Golden";"2016"
"15";"A sharing-oriented design strategy for networked knowledge organization systems";"Eric Kansa";"Patrick Golden";"2016"
"17";"Recent applications of Knowledge Organization Systems: introduction to a special issue";"Philipp Mayr";"Stella Dextre Clarke";"2016"
"17";"Recent applications of Knowledge Organization Systems: introduction to a special issue";"Douglas Tudhope";"Stella Dextre Clarke";"2016"
"17";"Recent applications of Knowledge Organization Systems: introduction to a special issue";"Marcia Lei Zeng";"Stella Dextre Clarke";"2016"
"55";"The Value Proposition for Semantic Search: A User Panel";"Diane Hillmann";"Helga Rippen";"2012"
"55";"The Value Proposition for Semantic Search: A User Panel";"George Thomas";"Helga Rippen";"2012"
"55";"The Value Proposition for Semantic Search: A User Panel";"Farah Gheriss";"Helga Rippen";"2012"
"58";"Building semantic knowledge organization systems for interdisciplinary research: An example of wetland remote sensing";"Liu Zheng";"Sheng Chun Lei";"2015"
"58";"Building semantic knowledge organization systems for interdisciplinary research: An example of wetland remote sensing";"Liu Xiu Min";"Sheng Chun Lei";"2015"
"60";"Innovative Use of Knowledge Organization Systems (KOS) that are Published as Linked Open Data (LOD)";"Marcia Lei Zeng";"Vladimir Alexiev";"2015"
"60";"Innovative Use of Knowledge Organization Systems (KOS) that are Published as Linked Open Data (LOD)";"Julaine Clunis";"Vladimir Alexiev";"2015"
"67";"And the winner is ... The perils and pitfalls of rank order analysis";"Elin K. Jacob";"Gary Arave";"2011"
"72";"Language technology in knowledge-organization systems";"Costanza Navarretta";"Dorte Haltrup Hansen";"2006"
"72";"Language technology in knowledge-organization systems";"Bolette Sandford Pedersen";"Dorte Haltrup Hansen";"2006"
"79";"Role of Ontologies in Semantic Digital Libraries";"Bernhard Haslhofer";"Piotr Piotrowski";"2006"
"79";"Role of Ontologies in Semantic Digital Libraries";"Adam Westerski";"Piotr Piotrowski";"2006"
"85";"Guava: Capturing the Intrinsic Organization of Knowledge in User Interfaces";"James Terwilliger";"Judith Logan";"2006"
"98";"Kinds of Tags: a collaborative research study on tag usage and structure";"Emma Tonkin";"Seth van Hooland";"2007"
"98";"Kinds of Tags: a collaborative research study on tag usage and structure";"Ana Alice Baptista";"Seth van Hooland";"2007"
"98";"Kinds of Tags: a collaborative research study on tag usage and structure";"Andrea Resmini";"Seth van Hooland";"2007"
"98";"Kinds of Tags: a collaborative research study on tag usage and structure";"Eva Mendéz";"Seth van Hooland";"2007"
"98";"Kinds of Tags: a collaborative research study on tag usage and structure";"Liddy Neville";"Seth van Hooland";"2007"
"118";"EASTER project: Evaluating Automated Subject Tools for Enhancing Retrieval";"Emlyn Everitt";"George Buchanan";"2009"
"118";"EASTER project: Evaluating Automated Subject Tools for Enhancing Retrieval";"Dagobert Soergel";"George Buchanan";"2009"
"118";"EASTER project: Evaluating Automated Subject Tools for Enhancing Retrieval";"Douglas Tudhope";"George Buchanan";"2009"
"119";"Intra- and interdisciplinary cross-concordance for information retrieval";"Philipp Mayr";"York Sure";"2009"
"119";"Intra- and interdisciplinary cross-concordance for information retrieval";"Philipp Schaer";"York Sure";"2009"
"120";"Building an ontology for crisis, tragedy and recovery";"Edward Fox";"Naren Ramakrishnan";"2009"
"120";"Building an ontology for crisis, tragedy and recovery";"Andrea Kavanaugh";"Naren Ramakrishnan";"2009"
"120";"Building an ontology for crisis, tragedy and recovery";"Donald Shoemaker";"Naren Ramakrishnan";"2009"
"121";"The PERsonalisation TAgging interface INformation in Services, PERTAINS project: presenting tag recommenders in UK national services";"Andy Priest";"Caroline Williams";"2009"
"134";"Search term recommendation and non-textual ranking evaluated";"Philipp Mayr";"Philipp Schaer";"2010"
"134";"Search term recommendation and non-textual ranking evaluated";"Peter Mutschke";"Philipp Schaer";"2010"
"135";"Using Linked Data in Thesaurus Management";"Andreas Blumauer";"Helmut Nagy";"2010"
"142";"Europeana and semantic alignment of vocabularies";"Antoine Isaac";"Victor de Boer";"2011"
"142";"Europeana and semantic alignment of vocabularies";"Jacco van Ossenbruggen";"Victor de Boer";"2011"
"142";"Europeana and semantic alignment of vocabularies";"Jan Wielemaker";"Victor de Boer";"2011"
"142";"Europeana and semantic alignment of vocabularies";"Guus Schreiber";"Victor de Boer";"2011"
"145";"Evaluating approaches to automatically match thesauri from different domains for Linked Open Data";"Ahsan Morshed";"Gudrun Johannsen";"2011"
"145";"Evaluating approaches to automatically match thesauri from different domains for Linked Open Data";"Benjamin Zapilko";"Gudrun Johannsen";"2011"
"146";"A Collaborative Framework for Managing and Publishing KOS";"Armando Stellato";"Gudrun Johannsen";"2011"
"146";"A Collaborative Framework for Managing and Publishing KOS";"Ahsan Morshed";"Gudrun Johannsen";"2011"
"146";"A Collaborative Framework for Managing and Publishing KOS";"Caterina Caracciolo";"Gudrun Johannsen";"2011"
"149";"Comparing the accuracy of the semantic similarity provided by the Normalized Google Distance (NGD) and the Search Term Recommender (STR)";"Brigitte Mathiak";"Philipp Mayr";"2011"
"153";"Creation of custom KOS-based recommendation systems";"Philipp Mayr";"Philipp Schaer";"2012"
"154";"Demonstrating HIVE and HIVE-ES: Supporting Term Browsing and Automatic Text Indexing with Linked Open Vocabularies";"David Rodríguez Mateos";"Jane Greenberg";"2012"
"154";"Demonstrating HIVE and HIVE-ES: Supporting Term Browsing and Automatic Text Indexing with Linked Open Vocabularies";"Gema Bueno de la Fuente";"Jane Greenberg";"2012"
"154";"Demonstrating HIVE and HIVE-ES: Supporting Term Browsing and Automatic Text Indexing with Linked Open Vocabularies";"Craig Willis";"Jane Greenberg";"2012"
"154";"Demonstrating HIVE and HIVE-ES: Supporting Term Browsing and Automatic Text Indexing with Linked Open Vocabularies";"Eva Méndez";"Jane Greenberg";"2012"
"155";"Meaningful Concept Displays: The First Step";"Dagobert Soergel";"Murtha Baca";"2012"
"159";"Visualization of Candidate Terms for Classification of Papers";"Jan Buzydlowski";"Xia Lin";"2013"
"159";"Visualization of Candidate Terms for Classification of Papers";"Lillian Cassel";"Xia Lin";"2013"
"161";"An Extensible Recommendation System to support Trusted Digital Repositories";"Eko Indarto";"Marat Charlaganov";"2013"
"161";"An Extensible Recommendation System to support Trusted Digital Repositories";"Andrea Scharnhorst";"Marat Charlaganov";"2013"
"162";"Digging into Metadata";"Ceri Binding";"Jae-wook Ahn";"2013"
"162";"Digging into Metadata";"Douglas Tudhope";"Jae-wook Ahn";"2013"
"162";"Digging into Metadata";"Diana Massam";"Jae-wook Ahn";"2013"
"162";"Digging into Metadata";"Hilary Jones";"Jae-wook Ahn";"2013"
"163";"Demonstrating a Framework for KOS-based Recommendations Systems";"Philipp Mayr";"Philipp Schaer";"2013"
"165";"On Compositionality of ISO 25964 Hierarchical Relationships (BTG, BTP, BTI)";"Antoine Isaac";"Jutta Lindenthal";"2014"
"171";"Semantic Analysis Method (SAM): A Tool for Identifying Potential Access Points in Unstructured Text";"Karen F. Gracy";"Marcia Lei Zeng";"2014"
"178";"Report on and demonstration of the PeriodO period gazetteer";"Adam Rabinowitz";"Patrick Golden";"2015"
"178";"Report on and demonstration of the PeriodO period gazetteer";"Eric Kansa";"Patrick Golden";"2015"
"218";"Developing a tool for searching and learning - the potential of an enriched end user thesaurus";"Hella Moller Rasmussen";"Marianne Lykke Nielsen";"2004"
"218";"Developing a tool for searching and learning - the potential of an enriched end user thesaurus";"H. Lundbeck";"Marianne Lykke Nielsen";"2004"
"219";"Dynamic KOS building *** management for library information systems";"Henryk Rybinski";"Michal Okoniewski";"2004"
"220";"Knowledge Structures for a Domain-Specific Digital Library for Natural Resource Managers";"Lois Delcambre";"Marianne Lykke Nielsen";"2004"
"221";"SKOS: Standards and Best Practices for USING Knowledge Organisation Systems ON THE Semantic Web";"Alistair Miles";"Nikki Rogers";"2004"
"221";"SKOS: Standards and Best Practices for USING Knowledge Organisation Systems ON THE Semantic Web";"Brian Matthews";"Nikki Rogers";"2004"
"221";"SKOS: Standards and Best Practices for USING Knowledge Organisation Systems ON THE Semantic Web";"Dave Beckett";"Nikki Rogers";"2004"
"226";"Introduction to user centred approaches to KOS";"Anna Eslau";"Marianne Lykke Nielsen";"2004"
"226";"Introduction to user centred approaches to KOS";"H. Lundbeck";"Marianne Lykke Nielsen";"2004"
"232";"Networked knowledge organization for the networked digital library of theses and dissertations";"Edward Fox";"Ryan Richardson";"2005"
"232";"Networked knowledge organization for the networked digital library of theses and dissertations";"Baoping Zhang";"Ryan Richardson";"2005"
"234";"NKOS issues in W3C's Simple Knowledge Organisation System (SKOS)";"Alistair Miles";"Michael Wilson";"2005"
"234";"NKOS issues in W3C's Simple Knowledge Organisation System (SKOS)";"Brian Matthews";"Michael Wilson";"2005"
"234";"NKOS issues in W3C's Simple Knowledge Organisation System (SKOS)";"Dan Brickley";"Michael Wilson";"2005"
"240";"Digital Gazetteers in the UK : the geo-X-walk Project at EDINA";"Andy Corbett";"David Medyckyj-Scott";"2002"
"240";"Digital Gazetteers in the UK : the geo-X-walk Project at EDINA";"Cressida Chappell";"David Medyckyj-Scott";"2002"
"252";"Reengineering AGROVOC to Ontologies";"Frehiwot Fisseha";"Johannes Keizer";"2003"
"254";"Using the NASA Thesaurus to Support the Indexing of Streaming Media";"Gail Hodge";"Patrick Healey";"2003"
"254";"Using the NASA Thesaurus to Support the Indexing of Streaming Media";"Janet Ormes";"Patrick Healey";"2003"
"5";"Classification for collections mapping and query expansion";"Claudio Gnoli";"Cristina Recinella";"2016"
"5";"Classification for collections mapping and query expansion";"Anna Bendiscioli";"Cristina Recinella";"2016"
"6";"Linking subject labels in Cultural Heritage Metadata to MIMO vocabulary using CultuurLink";"Hugo Manguinhas";"Tom Miles";"2016"
"6";"Linking subject labels in Cultural Heritage Metadata to MIMO vocabulary using CultuurLink";"Antoine Isaac";"Tom Miles";"2016"
"6";"Linking subject labels in Cultural Heritage Metadata to MIMO vocabulary using CultuurLink";"Aude Lima";"Tom Miles";"2016"
"6";"Linking subject labels in Cultural Heritage Metadata to MIMO vocabulary using CultuurLink";"Ariane N{\'{e}}roulidis";"Tom Miles";"2016"
"6";"Linking subject labels in Cultural Heritage Metadata to MIMO vocabulary using CultuurLink";"Dimitra Atsidis";"Tom Miles";"2016"
"6";"Linking subject labels in Cultural Heritage Metadata to MIMO vocabulary using CultuurLink";"Michiel Hildebrand";"Tom Miles";"2016"
"6";"Linking subject labels in Cultural Heritage Metadata to MIMO vocabulary using CultuurLink";"Maarten Brinkerink";"Tom Miles";"2016"
"6";"Linking subject labels in Cultural Heritage Metadata to MIMO vocabulary using CultuurLink";"Sergiu Gordea";"Tom Miles";"2016"
"12";"CRMba a CRM extension for the documentation of standing buildings";"Franco Niccolucci";"Martin Doerr";"2016"
"12";"CRMba a CRM extension for the documentation of standing buildings";"Achille Felicetti";"Martin Doerr";"2016"
"15";"A sharing-oriented design strategy for networked knowledge organization systems";"Adam Rabinowitz";"Eric Kansa";"2016"
"17";"Recent applications of Knowledge Organization Systems: introduction to a special issue";"Douglas Tudhope";"Marcia Lei Zeng";"2016"
"55";"The Value Proposition for Semantic Search: A User Panel";"Diane Hillmann";"Leslie Mitchell";"2012"
"55";"The Value Proposition for Semantic Search: A User Panel";"George Thomas";"Leslie Mitchell";"2012"
"55";"The Value Proposition for Semantic Search: A User Panel";"Helga Rippen";"Leslie Mitchell";"2012"
"55";"The Value Proposition for Semantic Search: A User Panel";"Joe Hilger";"Leslie Mitchell";"2012"
"55";"The Value Proposition for Semantic Search: A User Panel";"Farah Gheriss";"Leslie Mitchell";"2012"
"78";"Integrating Semi-formal Knowledge Organization Structures";"Gilles Falquet";"Jean-Claude Ziswiler";"2006"
"78";"Integrating Semi-formal Knowledge Organization Structures";"Claire-Lise Mottaz Jiang";"Jean-Claude Ziswiler";"2006"
"80";"AGROVOC and the OWL Web Ontology Language: the Agriculture Ontology Service - Concept Server OWL model";"Boris Lauser";"Johannes Keizer";"2006"
"80";"AGROVOC and the OWL Web Ontology Language: the Agriculture Ontology Service - Concept Server OWL model";"Anita Liang";"Johannes Keizer";"2006"
"98";"Kinds of Tags: a collaborative research study on tag usage and structure";"Ana Alice Baptista";"Andrea Resmini";"2007"
"118";"EASTER project: Evaluating Automated Subject Tools for Enhancing Retrieval";"Dagobert Soergel";"Emlyn Everitt";"2009"
"118";"EASTER project: Evaluating Automated Subject Tools for Enhancing Retrieval";"Douglas Tudhope";"Emlyn Everitt";"2009"
"121";"The PERsonalisation TAgging interface INformation in Services, PERTAINS project: presenting tag recommenders in UK national services";"Andy Priest";"Ceri Binding";"2009"
"121";"The PERsonalisation TAgging interface INformation in Services, PERTAINS project: presenting tag recommenders in UK national services";"Caroline Williams";"Ceri Binding";"2009"
"134";"Search term recommendation and non-textual ranking evaluated";"Philipp Mayr";"York Sure";"2010"
"134";"Search term recommendation and non-textual ranking evaluated";"Peter Mutschke";"York Sure";"2010"
"134";"Search term recommendation and non-textual ranking evaluated";"Philipp Schaer";"York Sure";"2010"
"142";"Europeana and semantic alignment of vocabularies";"Antoine Isaac";"Jan Wielemaker";"2011"
"142";"Europeana and semantic alignment of vocabularies";"Jacco van Ossenbruggen";"Jan Wielemaker";"2011"
"142";"Europeana and semantic alignment of vocabularies";"Guus Schreiber";"Jan Wielemaker";"2011"
"145";"Evaluating approaches to automatically match thesauri from different domains for Linked Open Data";"Ahsan Morshed";"Philipp Mayr";"2011"
"145";"Evaluating approaches to automatically match thesauri from different domains for Linked Open Data";"Benjamin Zapilko";"Philipp Mayr";"2011"
"145";"Evaluating approaches to automatically match thesauri from different domains for Linked Open Data";"Gudrun Johannsen";"Philipp Mayr";"2011"
"145";"Evaluating approaches to automatically match thesauri from different domains for Linked Open Data";"Johannes Keizer";"Philipp Mayr";"2011"
"146";"A Collaborative Framework for Managing and Publishing KOS";"Armando Stellato";"Yves Jacques";"2011"
"146";"A Collaborative Framework for Managing and Publishing KOS";"Ahsan Morshed";"Yves Jacques";"2011"
"146";"A Collaborative Framework for Managing and Publishing KOS";"Gudrun Johannsen";"Yves Jacques";"2011"
"146";"A Collaborative Framework for Managing and Publishing KOS";"Caterina Caracciolo";"Yves Jacques";"2011"
"146";"A Collaborative Framework for Managing and Publishing KOS";"Sachit Rajbhandari";"Yves Jacques";"2011"
"146";"A Collaborative Framework for Managing and Publishing KOS";"Imma Subirats";"Yves Jacques";"2011"
"146";"A Collaborative Framework for Managing and Publishing KOS";"Johannes Keizer";"Yves Jacques";"2011"
"149";"Comparing the accuracy of the semantic similarity provided by the Normalized Google Distance (NGD) and the Search Term Recommender (STR)";"Brigitte Mathiak";"Sascha Schüller";"2011"
"149";"Comparing the accuracy of the semantic similarity provided by the Normalized Google Distance (NGD) and the Search Term Recommender (STR)";"Philipp Mayr";"Sascha Schüller";"2011"
"154";"Demonstrating HIVE and HIVE-ES: Supporting Term Browsing and Automatic Text Indexing with Linked Open Vocabularies";"David Rodríguez Mateos";"Liliana Melgar";"2012"
"154";"Demonstrating HIVE and HIVE-ES: Supporting Term Browsing and Automatic Text Indexing with Linked Open Vocabularies";"Gema Bueno de la Fuente";"Liliana Melgar";"2012"
"154";"Demonstrating HIVE and HIVE-ES: Supporting Term Browsing and Automatic Text Indexing with Linked Open Vocabularies";"Jane Greenberg";"Liliana Melgar";"2012"
"154";"Demonstrating HIVE and HIVE-ES: Supporting Term Browsing and Automatic Text Indexing with Linked Open Vocabularies";"Craig Willis";"Liliana Melgar";"2012"
"154";"Demonstrating HIVE and HIVE-ES: Supporting Term Browsing and Automatic Text Indexing with Linked Open Vocabularies";"Eva Méndez";"Liliana Melgar";"2012"
"154";"Demonstrating HIVE and HIVE-ES: Supporting Term Browsing and Automatic Text Indexing with Linked Open Vocabularies";"Joan Boone";"Liliana Melgar";"2012"
"162";"Digging into Metadata";"Ceri Binding";"Michael Khoo";"2013"
"162";"Digging into Metadata";"Douglas Tudhope";"Michael Khoo";"2013"
"162";"Digging into Metadata";"Jae-wook Ahn";"Michael Khoo";"2013"
"162";"Digging into Metadata";"Diana Massam";"Michael Khoo";"2013"
"162";"Digging into Metadata";"Hilary Jones";"Michael Khoo";"2013"
"178";"Report on and demonstration of the PeriodO period gazetteer";"Adam Rabinowitz";"Eric Kansa";"2015"
"192";"Reengineering Thesauri for New Applications: the AGROVOC Example";"Dagobert Soergel";"Frehiwot Fisseha";"2004"
"192";"Reengineering Thesauri for New Applications: the AGROVOC Example";"Boris Lauser";"Frehiwot Fisseha";"2004"
"192";"Reengineering Thesauri for New Applications: the AGROVOC Example";"Anita Liang";"Frehiwot Fisseha";"2004"
"194";"Vocabulary Mapping for Terminology Services";"Diane Vizine-Goetz";"Roger Thompson";"2004"
"194";"Vocabulary Mapping for Terminology Services";"Carol Hickey";"Roger Thompson";"2004"
"194";"Vocabulary Mapping for Terminology Services";"Andrew Houghton";"Roger Thompson";"2004"
"221";"SKOS: Standards and Best Practices for USING Knowledge Organisation Systems ON THE Semantic Web";"Alistair Miles";"Dave Beckett";"2004"
"221";"SKOS: Standards and Best Practices for USING Knowledge Organisation Systems ON THE Semantic Web";"Brian Matthews";"Dave Beckett";"2004"
"234";"NKOS issues in W3C's Simple Knowledge Organisation System (SKOS)";"Alistair Miles";"Dan Brickley";"2005"
"234";"NKOS issues in W3C's Simple Knowledge Organisation System (SKOS)";"Brian Matthews";"Dan Brickley";"2005"
"235";"Enhancing domain-specific digital library with facilities for vocabulary exploration";"Marianne Lykke Nielsen";"Timothy Tolle";"2005"
"235";"Enhancing domain-specific digital library with facilities for vocabulary exploration";"Mathew J. Weaver";"Timothy Tolle";"2005"
"235";"Enhancing domain-specific digital library with facilities for vocabulary exploration";"Lois Delcambre";"Timothy Tolle";"2005"
"238";"Building virtual documents by integrating hyperbooks";"Gilles Falquet";"Jean-Claude Ziswiler";"2005"
"238";"Building virtual documents by integrating hyperbooks";"Claire-Lise Mottaz Jiang";"Jean-Claude Ziswiler";"2005"
"240";"Digital Gazetteers in the UK : the geo-X-walk Project at EDINA";"Andy Corbett";"Cressida Chappell";"2002"
"273";"Digital Gazetteer Service in context of Chinese Culture";"Han-wei Yen";"Hsiung-ming Liaw";"2002"
"2";"Editorial of the 15th European Networked Knowledge Organization Systems Workshop (NKOS 2016)";"Douglas Tudhope";"Ernesto William De Luca";"2016"
"2";"Editorial of the 15th European Networked Knowledge Organization Systems Workshop (NKOS 2016)";"Christian Wartena";"Ernesto William De Luca";"2016"
"6";"Linking subject labels in Cultural Heritage Metadata to MIMO vocabulary using CultuurLink";"Antoine Isaac";"Aude Lima";"2016"
"6";"Linking subject labels in Cultural Heritage Metadata to MIMO vocabulary using CultuurLink";"Ariane N{\'{e}}roulidis";"Aude Lima";"2016"
"17";"Recent applications of Knowledge Organization Systems: introduction to a special issue";"Philipp Mayr";"Xia Lin";"2016"
"17";"Recent applications of Knowledge Organization Systems: introduction to a special issue";"Douglas Tudhope";"Xia Lin";"2016"
"17";"Recent applications of Knowledge Organization Systems: introduction to a special issue";"Stella Dextre Clarke";"Xia Lin";"2016"
"17";"Recent applications of Knowledge Organization Systems: introduction to a special issue";"Marcia Lei Zeng";"Xia Lin";"2016"
"55";"The Value Proposition for Semantic Search: A User Panel";"Diane Hillmann";"Joe Hilger";"2012"
"55";"The Value Proposition for Semantic Search: A User Panel";"George Thomas";"Joe Hilger";"2012"
"55";"The Value Proposition for Semantic Search: A User Panel";"Helga Rippen";"Joe Hilger";"2012"
"55";"The Value Proposition for Semantic Search: A User Panel";"Farah Gheriss";"Joe Hilger";"2012"
"79";"Role of Ontologies in Semantic Digital Libraries";"Sebastian Ryszard Kruk";"Tomasz Woroniecki";"2006"
"79";"Role of Ontologies in Semantic Digital Libraries";"Bernhard Haslhofer";"Tomasz Woroniecki";"2006"
"79";"Role of Ontologies in Semantic Digital Libraries";"Piotr Piotrowski";"Tomasz Woroniecki";"2006"
"79";"Role of Ontologies in Semantic Digital Libraries";"Adam Westerski";"Tomasz Woroniecki";"2006"
"80";"AGROVOC and the OWL Web Ontology Language: the Agriculture Ontology Service - Concept Server OWL model";"Boris Lauser";"Stephen Katz";"2006"
"80";"AGROVOC and the OWL Web Ontology Language: the Agriculture Ontology Service - Concept Server OWL model";"Margherita Sini";"Stephen Katz";"2006"
"80";"AGROVOC and the OWL Web Ontology Language: the Agriculture Ontology Service - Concept Server OWL model";"Anita Liang";"Stephen Katz";"2006"
"80";"AGROVOC and the OWL Web Ontology Language: the Agriculture Ontology Service - Concept Server OWL model";"Johannes Keizer";"Stephen Katz";"2006"
"98";"Kinds of Tags: a collaborative research study on tag usage and structure";"Emma Tonkin";"Eva Mendéz";"2007"
"98";"Kinds of Tags: a collaborative research study on tag usage and structure";"Ana Alice Baptista";"Eva Mendéz";"2007"
"98";"Kinds of Tags: a collaborative research study on tag usage and structure";"Andrea Resmini";"Eva Mendéz";"2007"
"118";"EASTER project: Evaluating Automated Subject Tools for Enhancing Retrieval";"Koraljka Golub";"Marianne Lykke Nielsen";"2009"
"118";"EASTER project: Evaluating Automated Subject Tools for Enhancing Retrieval";"George Buchanan";"Marianne Lykke Nielsen";"2009"
"118";"EASTER project: Evaluating Automated Subject Tools for Enhancing Retrieval";"Emlyn Everitt";"Marianne Lykke Nielsen";"2009"
"118";"EASTER project: Evaluating Automated Subject Tools for Enhancing Retrieval";"Dagobert Soergel";"Marianne Lykke Nielsen";"2009"
"118";"EASTER project: Evaluating Automated Subject Tools for Enhancing Retrieval";"Douglas Tudhope";"Marianne Lykke Nielsen";"2009"
"120";"Building an ontology for crisis, tragedy and recovery";"Edward Fox";"Steve Sheetz";"2009"
"120";"Building an ontology for crisis, tragedy and recovery";"Naren Ramakrishnan";"Steve Sheetz";"2009"
"120";"Building an ontology for crisis, tragedy and recovery";"Andrea Kavanaugh";"Steve Sheetz";"2009"
"120";"Building an ontology for crisis, tragedy and recovery";"Donald Shoemaker";"Steve Sheetz";"2009"
"121";"The PERsonalisation TAgging interface INformation in Services, PERTAINS project: presenting tag recommenders in UK national services";"Andy Priest";"Douglas Tudhope";"2009"
"121";"The PERsonalisation TAgging interface INformation in Services, PERTAINS project: presenting tag recommenders in UK national services";"Caroline Williams";"Douglas Tudhope";"2009"
"121";"The PERsonalisation TAgging interface INformation in Services, PERTAINS project: presenting tag recommenders in UK national services";"Ceri Binding";"Douglas Tudhope";"2009"
"142";"Europeana and semantic alignment of vocabularies";"Antoine Isaac";"Guus Schreiber";"2011"
"145";"Evaluating approaches to automatically match thesauri from different domains for Linked Open Data";"Ahsan Morshed";"Johannes Keizer";"2011"
"145";"Evaluating approaches to automatically match thesauri from different domains for Linked Open Data";"Benjamin Zapilko";"Johannes Keizer";"2011"
"145";"Evaluating approaches to automatically match thesauri from different domains for Linked Open Data";"Gudrun Johannsen";"Johannes Keizer";"2011"
"146";"A Collaborative Framework for Managing and Publishing KOS";"Armando Stellato";"Caterina Caracciolo";"2011"
"146";"A Collaborative Framework for Managing and Publishing KOS";"Ahsan Morshed";"Caterina Caracciolo";"2011"
"154";"Demonstrating HIVE and HIVE-ES: Supporting Term Browsing and Automatic Text Indexing with Linked Open Vocabularies";"David Rodríguez Mateos";"Nancy Gómez";"2012"
"154";"Demonstrating HIVE and HIVE-ES: Supporting Term Browsing and Automatic Text Indexing with Linked Open Vocabularies";"Gema Bueno de la Fuente";"Nancy Gómez";"2012"
"154";"Demonstrating HIVE and HIVE-ES: Supporting Term Browsing and Automatic Text Indexing with Linked Open Vocabularies";"Jane Greenberg";"Nancy Gómez";"2012"
"154";"Demonstrating HIVE and HIVE-ES: Supporting Term Browsing and Automatic Text Indexing with Linked Open Vocabularies";"Liliana Melgar";"Nancy Gómez";"2012"
"154";"Demonstrating HIVE and HIVE-ES: Supporting Term Browsing and Automatic Text Indexing with Linked Open Vocabularies";"Craig Willis";"Nancy Gómez";"2012"
"154";"Demonstrating HIVE and HIVE-ES: Supporting Term Browsing and Automatic Text Indexing with Linked Open Vocabularies";"Eva Méndez";"Nancy Gómez";"2012"
"154";"Demonstrating HIVE and HIVE-ES: Supporting Term Browsing and Automatic Text Indexing with Linked Open Vocabularies";"Joan Boone";"Nancy Gómez";"2012"
"162";"Digging into Metadata";"Ceri Binding";"Xia Lin";"2013"
"162";"Digging into Metadata";"Douglas Tudhope";"Xia Lin";"2013"
"162";"Digging into Metadata";"Jae-wook Ahn";"Xia Lin";"2013"
"162";"Digging into Metadata";"Michael Khoo";"Xia Lin";"2013"
"162";"Digging into Metadata";"Diana Massam";"Xia Lin";"2013"
"162";"Digging into Metadata";"Hilary Jones";"Xia Lin";"2013"
"192";"Reengineering Thesauri for New Applications: the AGROVOC Example";"Dagobert Soergel";"Johannes Keizer";"2004"
"192";"Reengineering Thesauri for New Applications: the AGROVOC Example";"Boris Lauser";"Johannes Keizer";"2004"
"192";"Reengineering Thesauri for New Applications: the AGROVOC Example";"Anita Liang";"Johannes Keizer";"2004"
"192";"Reengineering Thesauri for New Applications: the AGROVOC Example";"Frehiwot Fisseha";"Johannes Keizer";"2004"
"6";"Linking subject labels in Cultural Heritage Metadata to MIMO vocabulary using CultuurLink";"Antoine Isaac";"Ariane N{\'{e}}roulidis";"2016"
"55";"The Value Proposition for Semantic Search: A User Panel";"Diane Hillmann";"Farah Gheriss";"2012"
"98";"Kinds of Tags: a collaborative research study on tag usage and structure";"Emma Tonkin";"Liddy Neville";"2007"
"98";"Kinds of Tags: a collaborative research study on tag usage and structure";"Ana Alice Baptista";"Liddy Neville";"2007"
"98";"Kinds of Tags: a collaborative research study on tag usage and structure";"Andrea Resmini";"Liddy Neville";"2007"
"98";"Kinds of Tags: a collaborative research study on tag usage and structure";"Eva Mendéz";"Liddy Neville";"2007"
"120";"Building an ontology for crisis, tragedy and recovery";"Andrea Kavanaugh";"Donald Shoemaker";"2009"
"146";"A Collaborative Framework for Managing and Publishing KOS";"Armando Stellato";"Sachit Rajbhandari";"2011"
"146";"A Collaborative Framework for Managing and Publishing KOS";"Ahsan Morshed";"Sachit Rajbhandari";"2011"
"146";"A Collaborative Framework for Managing and Publishing KOS";"Gudrun Johannsen";"Sachit Rajbhandari";"2011"
"146";"A Collaborative Framework for Managing and Publishing KOS";"Caterina Caracciolo";"Sachit Rajbhandari";"2011"
"146";"A Collaborative Framework for Managing and Publishing KOS";"Imma Subirats";"Sachit Rajbhandari";"2011"
"146";"A Collaborative Framework for Managing and Publishing KOS";"Johannes Keizer";"Sachit Rajbhandari";"2011"
"162";"Digging into Metadata";"Ceri Binding";"Diana Massam";"2013"
"192";"Reengineering Thesauri for New Applications: the AGROVOC Example";"Dagobert Soergel";"Stephen Katz";"2004"
"192";"Reengineering Thesauri for New Applications: the AGROVOC Example";"Boris Lauser";"Stephen Katz";"2004"
"192";"Reengineering Thesauri for New Applications: the AGROVOC Example";"Anita Liang";"Stephen Katz";"2004"
"192";"Reengineering Thesauri for New Applications: the AGROVOC Example";"Frehiwot Fisseha";"Stephen Katz";"2004"
"192";"Reengineering Thesauri for New Applications: the AGROVOC Example";"Johannes Keizer";"Stephen Katz";"2004"
"6";"Linking subject labels in Cultural Heritage Metadata to MIMO vocabulary using CultuurLink";"Hugo Manguinhas";"Veronique Ginouves";"2016"
"6";"Linking subject labels in Cultural Heritage Metadata to MIMO vocabulary using CultuurLink";"Valentine Charles";"Veronique Ginouves";"2016"
"6";"Linking subject labels in Cultural Heritage Metadata to MIMO vocabulary using CultuurLink";"Antoine Isaac";"Veronique Ginouves";"2016"
"6";"Linking subject labels in Cultural Heritage Metadata to MIMO vocabulary using CultuurLink";"Tom Miles";"Veronique Ginouves";"2016"
"6";"Linking subject labels in Cultural Heritage Metadata to MIMO vocabulary using CultuurLink";"Aude Lima";"Veronique Ginouves";"2016"
"6";"Linking subject labels in Cultural Heritage Metadata to MIMO vocabulary using CultuurLink";"Ariane N{\'{e}}roulidis";"Veronique Ginouves";"2016"
"6";"Linking subject labels in Cultural Heritage Metadata to MIMO vocabulary using CultuurLink";"Dimitra Atsidis";"Veronique Ginouves";"2016"
"6";"Linking subject labels in Cultural Heritage Metadata to MIMO vocabulary using CultuurLink";"Michiel Hildebrand";"Veronique Ginouves";"2016"
"6";"Linking subject labels in Cultural Heritage Metadata to MIMO vocabulary using CultuurLink";"Maarten Brinkerink";"Veronique Ginouves";"2016"
"6";"Linking subject labels in Cultural Heritage Metadata to MIMO vocabulary using CultuurLink";"Sergiu Gordea";"Veronique Ginouves";"2016"
"118";"EASTER project: Evaluating Automated Subject Tools for Enhancing Retrieval";"Dagobert Soergel";"Douglas Tudhope";"2009"
"120";"Building an ontology for crisis, tragedy and recovery";"Uma Murthy";"Venkataraghavan Srinivasan";"2009"
"120";"Building an ontology for crisis, tragedy and recovery";"Edward Fox";"Venkataraghavan Srinivasan";"2009"
"120";"Building an ontology for crisis, tragedy and recovery";"Naren Ramakrishnan";"Venkataraghavan Srinivasan";"2009"
"120";"Building an ontology for crisis, tragedy and recovery";"Andrea Kavanaugh";"Venkataraghavan Srinivasan";"2009"
"120";"Building an ontology for crisis, tragedy and recovery";"Steve Sheetz";"Venkataraghavan Srinivasan";"2009"
"120";"Building an ontology for crisis, tragedy and recovery";"Donald Shoemaker";"Venkataraghavan Srinivasan";"2009"
"146";"A Collaborative Framework for Managing and Publishing KOS";"Armando Stellato";"Imma Subirats";"2011"
"146";"A Collaborative Framework for Managing and Publishing KOS";"Ahsan Morshed";"Imma Subirats";"2011"
"146";"A Collaborative Framework for Managing and Publishing KOS";"Gudrun Johannsen";"Imma Subirats";"2011"
"146";"A Collaborative Framework for Managing and Publishing KOS";"Caterina Caracciolo";"Imma Subirats";"2011"
"154";"Demonstrating HIVE and HIVE-ES: Supporting Term Browsing and Automatic Text Indexing with Linked Open Vocabularies";"David Rodríguez Mateos";"Eva Méndez";"2012"
"154";"Demonstrating HIVE and HIVE-ES: Supporting Term Browsing and Automatic Text Indexing with Linked Open Vocabularies";"Craig Willis";"Eva Méndez";"2012"
"162";"Digging into Metadata";"Ceri Binding";"Hilary Jones";"2013"
"162";"Digging into Metadata";"Douglas Tudhope";"Hilary Jones";"2013"
"162";"Digging into Metadata";"Diana Massam";"Hilary Jones";"2013"
"6";"Linking subject labels in Cultural Heritage Metadata to MIMO vocabulary using CultuurLink";"Antoine Isaac";"Dimitra Atsidis";"2016"
"6";"Linking subject labels in Cultural Heritage Metadata to MIMO vocabulary using CultuurLink";"Aude Lima";"Dimitra Atsidis";"2016"
"6";"Linking subject labels in Cultural Heritage Metadata to MIMO vocabulary using CultuurLink";"Ariane N{\'{e}}roulidis";"Dimitra Atsidis";"2016"
"146";"A Collaborative Framework for Managing and Publishing KOS";"Armando Stellato";"Johannes Keizer";"2011"
"146";"A Collaborative Framework for Managing and Publishing KOS";"Ahsan Morshed";"Johannes Keizer";"2011"
"146";"A Collaborative Framework for Managing and Publishing KOS";"Gudrun Johannsen";"Johannes Keizer";"2011"
"146";"A Collaborative Framework for Managing and Publishing KOS";"Caterina Caracciolo";"Johannes Keizer";"2011"
"146";"A Collaborative Framework for Managing and Publishing KOS";"Imma Subirats";"Johannes Keizer";"2011"
"154";"Demonstrating HIVE and HIVE-ES: Supporting Term Browsing and Automatic Text Indexing with Linked Open Vocabularies";"David Rodríguez Mateos";"Joan Boone";"2012"
"154";"Demonstrating HIVE and HIVE-ES: Supporting Term Browsing and Automatic Text Indexing with Linked Open Vocabularies";"Gema Bueno de la Fuente";"Joan Boone";"2012"
"154";"Demonstrating HIVE and HIVE-ES: Supporting Term Browsing and Automatic Text Indexing with Linked Open Vocabularies";"Jane Greenberg";"Joan Boone";"2012"
"154";"Demonstrating HIVE and HIVE-ES: Supporting Term Browsing and Automatic Text Indexing with Linked Open Vocabularies";"Craig Willis";"Joan Boone";"2012"
"154";"Demonstrating HIVE and HIVE-ES: Supporting Term Browsing and Automatic Text Indexing with Linked Open Vocabularies";"Eva Méndez";"Joan Boone";"2012"
"6";"Linking subject labels in Cultural Heritage Metadata to MIMO vocabulary using CultuurLink";"Hugo Manguinhas";"Michiel Hildebrand";"2016"
"6";"Linking subject labels in Cultural Heritage Metadata to MIMO vocabulary using CultuurLink";"Antoine Isaac";"Michiel Hildebrand";"2016"
"6";"Linking subject labels in Cultural Heritage Metadata to MIMO vocabulary using CultuurLink";"Aude Lima";"Michiel Hildebrand";"2016"
"6";"Linking subject labels in Cultural Heritage Metadata to MIMO vocabulary using CultuurLink";"Ariane N{\'{e}}roulidis";"Michiel Hildebrand";"2016"
"6";"Linking subject labels in Cultural Heritage Metadata to MIMO vocabulary using CultuurLink";"Dimitra Atsidis";"Michiel Hildebrand";"2016"
"6";"Linking subject labels in Cultural Heritage Metadata to MIMO vocabulary using CultuurLink";"Maarten Brinkerink";"Michiel Hildebrand";"2016"
"6";"Linking subject labels in Cultural Heritage Metadata to MIMO vocabulary using CultuurLink";"Hugo Manguinhas";"Maarten Brinkerink";"2016"
"6";"Linking subject labels in Cultural Heritage Metadata to MIMO vocabulary using CultuurLink";"Antoine Isaac";"Maarten Brinkerink";"2016"
"6";"Linking subject labels in Cultural Heritage Metadata to MIMO vocabulary using CultuurLink";"Aude Lima";"Maarten Brinkerink";"2016"
"6";"Linking subject labels in Cultural Heritage Metadata to MIMO vocabulary using CultuurLink";"Ariane N{\'{e}}roulidis";"Maarten Brinkerink";"2016"
"6";"Linking subject labels in Cultural Heritage Metadata to MIMO vocabulary using CultuurLink";"Dimitra Atsidis";"Maarten Brinkerink";"2016"
"6";"Linking subject labels in Cultural Heritage Metadata to MIMO vocabulary using CultuurLink";"Hugo Manguinhas";"Sergiu Gordea";"2016"
"6";"Linking subject labels in Cultural Heritage Metadata to MIMO vocabulary using CultuurLink";"Antoine Isaac";"Sergiu Gordea";"2016"
"6";"Linking subject labels in Cultural Heritage Metadata to MIMO vocabulary using CultuurLink";"Aude Lima";"Sergiu Gordea";"2016"
"6";"Linking subject labels in Cultural Heritage Metadata to MIMO vocabulary using CultuurLink";"Ariane N{\'{e}}roulidis";"Sergiu Gordea";"2016"
"6";"Linking subject labels in Cultural Heritage Metadata to MIMO vocabulary using CultuurLink";"Dimitra Atsidis";"Sergiu Gordea";"2016"
"6";"Linking subject labels in Cultural Heritage Metadata to MIMO vocabulary using CultuurLink";"Michiel Hildebrand";"Sergiu Gordea";"2016"
"6";"Linking subject labels in Cultural Heritage Metadata to MIMO vocabulary using CultuurLink";"Maarten Brinkerink";"Sergiu Gordea";"2016"
"132";"Integrating Knowledge Organization Systems Registries with Metadata Registries";"Hugo Manguinhas";"Jose Borbinha";"2010"
